Row Labels,Sum of Revenue
2017,1.25122E+13
FY,1.25122E+13
2018,1.33063E+13
FY,1.33063E+13
2019,1.32293E+13
FY,1.32293E+13
2020,1.95309E+12
FY,1.95309E+12
(blank),
(blank),
Grand Total,4.10009E+13